Country,SpeciesBinomial,SpeciesGrouped,Kingdom,Type,CompMech
China,Phylloscopus fuscatus,Birds,Animalia,Storms,Demographic
China,No. arborous individuals 3–12 m,Plantae,Plantae,Storms,Demographic
China,Stachyris ruficeps,Birds,Animalia,Storms,Demographic
China,Parus major,Birds,Animalia,Storms,Demographic
China,Prinia atrogularis,Birds,Animalia,Storms,Demographic
China,No. arborous individuals,Plantae,Plantae,Storms,Demographic
China,No. arborous individuals< 3 m,Plantae,Plantae,Storms,Demographic
China,Pomatorhinus erythrogenys,Birds,Animalia,Storms,Demographic
China,Lonchura striata,Birds,Animalia,Storms,Demographic
China,Lanius schach,Birds,Animalia,Storms,Demographic
China,Rhyacornis fuliginosa,Birds,Animalia,Storms,Demographic
China,Alcedo atthis,Birds,Animalia,Storms,Demographic
China,Myophonus caeruleus,Birds,Animalia,Storms,Demographic
China,Luscinia cyanura,Birds,Animalia,Storms,NA
China,No. arborous individuals > 12 m,Plantae,Plantae,Storms,NA
China,Dendrocitta formosae,Birds,Animalia,Storms,Demographic
China,Hypsipetes leucocephalus,Birds,Animalia,Storms,Demographic
China,Ixos mcclellandii,Birds,Animalia,Storms,Demographic
China,Phylloscopus humei,Birds,Animalia,Storms,Demographic
China,Megaceryle lugubris,Birds,Animalia,Storms,NA
China,Eurystomus orientalis,Birds,Animalia,Storms,Demographic
China,Turdus hortulorum,Birds,Animalia,Storms,Demographic
China,Alcedo hercules,Birds,Animalia,Storms,NA
China,Pomatorhinus ruficollis,Birds,Animalia,Storms,Demographic
China,Megalaima virens,Birds,Animalia,Storms,Demographic
China,Erpornis zantholeuca,Birds,Animalia,Storms,Demographic
China,Garrulax monileger,Birds,Animalia,Storms,Demographic
China,Cuculus sparverioides,Birds,Animalia,Storms,Demographic
China,Centropus bengalensis,Birds,Animalia,Storms,Demographic
China,Megalaima oorti,Birds,Animalia,Storms,Demographic
China,Dendrocopos major,Birds,Animalia,Storms,Demographic
China,Celeus brachyurus,Birds,Animalia,Storms,Demographic
China,Picus canus,Birds,Animalia,Storms,Demographic
China,Blythipicus pyrrhotis,Birds,Animalia,Storms,Demographic
China,Pitta moluccensis,Birds,Animalia,Storms,Demographic
China,Prinia flaviventris,Birds,Animalia,Storms,Demographic
China,Cettia fortipes,Birds,Animalia,Storms,Demographic
China,Seicercus castaniceps,Birds,Animalia,Storms,Demographic
China,Leiothrix lutea,Birds,Animalia,Storms,Demographic
China,Paradoxornis gularis,Birds,Animalia,Storms,Demographic
China,Luscinia calliope,Birds,Animalia,Storms,Demographic
China,Muscicapa dauurica,Birds,Animalia,Storms,Demographic
China,Niltava davidi,Birds,Animalia,Storms,Demographic
China,Cinclus pallasii,Birds,Animalia,Storms,Demographic
China,Lonchura punctulata,Birds,Animalia,Storms,Demographic
China,Eophona migratoria,Birds,Animalia,Storms,Demographic
China,Emberiza chrysophrys,Birds,Animalia,Storms,Demographic
China,Phylloscopus proregulus,Birds,Animalia,Storms,Demographic
China,Alcippe huet,Birds,Animalia,Storms,Demographic
China,Enicurus leschenaulti,Birds,Animalia,Storms,Demographic
China,Chloropsis hardwickei,Birds,Animalia,Storms,Demographic
China,Anthus hodgsoni,Birds,Animalia,Storms,Demographic
China,Pericrocotus flammeus,Birds,Animalia,Storms,Demographic
China,Spizixos semitorques,Birds,Animalia,Storms,Demographic
China,Hemixos castanonotus,Birds,Animalia,Storms,Demographic
China,Enicurus schistaceus,Birds,Animalia,Storms,Demographic
China,Copsychus saularis,Birds,Animalia,Storms,Demographic
China,Aegithalos concinnus,Birds,Animalia,Storms,Demographic
China,Motacilla alba,Birds,Animalia,Storms,Demographic
China,No. shrub individuals,Plantae,Plantae,Storms,Demographic
China,Yuhina castaniceps,Birds,Animalia,Storms,Demographic
China,Centropus sinensis,Birds,Animalia,Storms,Demographic
China,Emberiza tristrami,Birds,Animalia,Storms,Demographic
China,Garrulax pectoralis,Birds,Animalia,Storms,Demographic
China,Pericrocotus divaricatus,Birds,Animalia,Storms,Demographic
China,Prinia inornata,Birds,Animalia,Storms,Demographic
China,Orthotomus sutorius,Birds,Animalia,Storms,Demographic
China,Garrulax canorus,Birds,Animalia,Storms,Demographic
China,Cyanoptila cyanomelana,Birds,Animalia,Storms,Demographic
China,Dicaeum ignipectum,Birds,Animalia,Storms,Demographic
China,Latoucheornis siemsseni,Birds,Animalia,Storms,Demographic
China,Emberiza pusilla,Birds,Animalia,Storms,Demographic
China,Zosterops japonicus,Birds,Animalia,Storms,Demographic
China,Urocissa erythrorhyncha,Birds,Animalia,Storms,Demographic
China,Harpactes erythrocephalus,Birds,Animalia,Storms,Demographic
China,Pericrocotus solaris,Birds,Animalia,Storms,Demographic
China,Pycnonotus sinensis,Birds,Animalia,Storms,Behaviour
China,Motacilla cinerea,Birds,Animalia,Storms,Demographic
China,Pycnonotus jocosus,Birds,Animalia,Storms,Behaviour
China,Phoenicurus auroreus,Birds,Animalia,Storms,Demographic
China,Garrulax perspicillatus,Birds,Animalia,Storms,Demographic
China,Aethopyga christinae,Birds,Animalia,Storms,Demographic
China,Emberiza spodocephala,Birds,Animalia,Storms,Demographic
Switzerland,Tyto alba,Birds,Animalia,Temperature,Demographic
Switzerland,Tyto alba,Birds,Animalia,Temperature,Demographic
Norway,Rangifer tarandus,Mammalia,Animalia,Rain,Demographic
Belgium,Cupido minimus,Arthropoda,Animalia,Temperature,NA
Belgium,Cupido minimus,Arthropoda,Animalia,Temperature,Demographic
Belgium,Anthyllis vulnerari,Angiospermae,Plantae,Temperature,NA
Belgium,Anthyllis vulnerari,Angiospermae,Plantae,Temperature,NA
Belgium,Cupido minimus,Arthropoda,Animalia,Temperature,NA
Belgium,Anthyllis vulnerari,Angiospermae,Plantae,Temperature,NA
Belgium,Anthyllis vulnerari,Angiospermae,Plantae,Temperature,NA
Belgium,Cupido minimus,Arthropoda,Animalia,Temperature,Demographic
Belgium,Anthyllis vulnerari,Angiospermae,Plantae,Temperature,NA
Belgium,Anthyllis vulnerari,Angiospermae,Plantae,Temperature,NA
Belgium,Cupido minimus,Arthropoda,Animalia,Temperature,Demographic
Belgium,Anthyllis vulnerari,Angiospermae,Plantae,Temperature,NA
Belgium,Cupido minimus,Arthropoda,Animalia,Temperature,Demographic
Belgium,Anthyllis vulnerari,Angiospermae,Plantae,Temperature,Demographic
Belgium,Cupido minimus,Arthropoda,Animalia,Temperature,NA
Belgium,Cupido minimus,Arthropoda,Animalia,Temperature,NA
England,Xenopus laevis,Amphibia,Animalia,Drought,NA
England,Xenopus laevis,Amphibia,Animalia,Temperature,NA
Belgium,Anthyllis vulnerari,Angiospermae,Plantae,Temperature,NA
Belgium,Anthyllis vulnerari,Angiospermae,Plantae,Temperature,NA
Belgium,Cupido minimus,Arthropoda,Animalia,Temperature,NA
Belgium,Cupido minimus,Arthropoda,Animalia,Temperature,NA
Belgium,Cupido minimus,Arthropoda,Animalia,Temperature,NA
Belgium,Cupido minimus,Arthropoda,Animalia,Temperature,NA
Belgium,Cupido minimus,Arthropoda,Animalia,Temperature,NA
Belgium,Anthyllis vulnerari,Angiospermae,Plantae,Temperature,Demographic
Belgium,Anthyllis vulnerari,Angiospermae,Plantae,Temperature,Demographic
Belgium,Cupido minimus,Arthropoda,Animalia,Temperature,Demographic
Belgium,Anthyllis vulnerari,Angiospermae,Plantae,Temperature,Demographic
Belgium,Cupido minimus,Arthropoda,Animalia,Temperature,Demographic
Belgium,Cupido minimus,Arthropoda,Animalia,Temperature,Demographic
Belgium,Cupido minimus,Arthropoda,Animalia,Temperature,Demographic
Belgium,Cupido minimus,Arthropoda,Animalia,Temperature,Demographic
Belgium,Anthyllis vulnerari,Angiospermae,Plantae,Temperature,Demographic
Belgium,Anthyllis vulnerari,Angiospermae,Plantae,Temperature,Demographic
Belgium,Anthyllis vulnerari,Angiospermae,Plantae,Temperature,Demographic
Belgium,Anthyllis vulnerari,Angiospermae,Plantae,Temperature,Demographic
Belgium,Anthyllis vulnerari,Angiospermae,Plantae,Temperature,Demographic
Belgium,Anthyllis vulnerari,Angiospermae,Plantae,Temperature,Demographic
Germany ,plants unspecified,Plantae,Plantae,Flood,NA
Germany ,plants unspecified,Plantae,Plantae,Flood,NA
Britain,Lepidoptera,Arthropoda,Animalia,Drought,NA
Sweden,Parisotoma notabilis,Arthropoda,Animalia,Temperature,Physiological
Sweden,Ochsella bifasciata,Arthropoda,Animalia,Temperature,Physiological
Sweden,Pseudachorutes corticicolus,Arthropoda,Animalia,Temperature,Physiological
Sweden,Micranurida pygmaea,Arthropoda,Animalia,Temperature,Physiological
Sweden,Ochsella bifasciata,Arthropoda,Animalia,Temperature,Physiological
Sweden,Pseudachorutes corticicolus,Arthropoda,Animalia,Temperature,Physiological
Sweden,Micranurida pygmaea,Arthropoda,Animalia,Temperature,Physiological
Sweden,Leidocyrtus lignorum,Arthropoda,Animalia,Temperature,NA
Sweden,Leidocyrtus lignorum,Arthropoda,Animalia,Temperature,NA
Sweden,Nothridae adult,Arthropoda,Animalia,Temperature,NA
Sweden,Isotomiella minor,Arthropoda,Animalia,Temperature,NA
Sweden,Dicytroma fusca,Arthropoda,Animalia,Temperature,NA
Sweden,Mesaphorura macrochaeta,Arthropoda,Animalia,Temperature,NA
Sweden,Mesostigmata adult,Arthropoda,Animalia,Temperature,NA
Sweden,Oppiidae,Arthropoda,Animalia,Temperature,NA
Sweden,Protaphorura gisini,Arthropoda,Animalia,Temperature,NA
Sweden,Brachypylina,Arthropoda,Animalia,Temperature,NA
Sweden,Micranurida forsslundi,Arthropoda,Animalia,Temperature,NA
Sweden,Total Oribatida,Arthropoda,Animalia,Temperature,NA
Sweden,Folsomia sensibilis,Arthropoda,Animalia,Temperature,NA
Sweden,Folsomia sensibilis,Arthropoda,Animalia,Temperature,NA
Sweden,Leidocyrtus lignorum,Arthropoda,Animalia,Temperature,NA
Sweden,Nothridae nymph,Arthropoda,Animalia,Temperature,NA
Sweden,Isotomurus graminis,Arthropoda,Animalia,Temperature,NA
Sweden,Arrhopalites principalis,Arthropoda,Animalia,Temperature,NA
Sweden,Protaphorura gisini,Arthropoda,Animalia,Temperature,NA
Sweden,Micranurida forsslundi,Arthropoda,Animalia,Temperature,Physiological
Sweden,Protaphorura gisini,Arthropoda,Animalia,Temperature,NA
Sweden,Isotomiella minor,Arthropoda,Animalia,Temperature,NA
Sweden,Total Oribatida,Arthropoda,Animalia,Temperature,NA
Sweden,Desoria hiemalis,Arthropoda,Animalia,Temperature,NA
Sweden,Megalothorax minimus,Arthropoda,Animalia,Temperature,NA
Sweden,Oppiidae,Arthropoda,Animalia,Temperature,NA
Sweden,Uropodidae nymph,Arthropoda,Animalia,Temperature,NA
Sweden,Mesaphorura macrochaeta,Arthropoda,Animalia,Temperature,NA
Sweden,Dicytroma fusca,Arthropoda,Animalia,Temperature,NA
Sweden,Mesostigmata adult,Arthropoda,Animalia,Temperature,NA
Sweden,Megalothorax minimus,Arthropoda,Animalia,Temperature,NA
Sweden,Micranurida pygmaea,Arthropoda,Animalia,Temperature,NA
Sweden,Willemia anophthalma,Arthropoda,Animalia,Temperature,NA
Sweden,Brachypylina,Arthropoda,Animalia,Temperature,NA
Sweden,Folsomia sensibilis,Arthropoda,Animalia,Temperature,NA
Sweden,Willemia anophthalma,Arthropoda,Animalia,Temperature,NA
Sweden,Micranurida pygmaea,Arthropoda,Animalia,Temperature,NA
Sweden,Nothridae nymph,Arthropoda,Animalia,Temperature,NA
Sweden,Parisotoma notabilis,Arthropoda,Animalia,Temperature,NA
Sweden,Entomobrya nivalis,Arthropoda,Animalia,Temperature,NA
Sweden,Trachytidae nymph,Arthropoda,Animalia,Temperature,NA
Sweden,Mesostigmata nypmh,Arthropoda,Animalia,Temperature,Physiological
Sweden,Nothridae adult,Arthropoda,Animalia,Temperature,NA
Sweden,Desoria hiemalis,Arthropoda,Animalia,Temperature,NA
Sweden,Isotomiella minor,Arthropoda,Animalia,Temperature,NA
Sweden,Prostigmata Astigmata,Arthropoda,Animalia,Temperature,Physiological
Sweden,Folsomia sensibilis,Arthropoda,Animalia,Temperature,Physiological
Sweden,Willemia anophthalma,Arthropoda,Animalia,Temperature,NA
Sweden,Pseudachorutes corticicolus,Arthropoda,Animalia,Temperature,NA
Sweden,Mesaphorura macrochaeta,Arthropoda,Animalia,Temperature,NA
Sweden,Pseudachorutes corticicolus,Arthropoda,Animalia,Temperature,NA
Sweden,Dicytroma fusca,Arthropoda,Animalia,Temperature,NA
Sweden,Mesostigmata nypmh,Arthropoda,Animalia,Temperature,Physiological
Sweden,Megalothorax minimus,Arthropoda,Animalia,Temperature,NA
Sweden,Pseudanurophorus binoculatus,Arthropoda,Animalia,Temperature,NA
Sweden,Trachytidae adult,Arthropoda,Animalia,Temperature,NA
Sweden,Megalothorax minimus,Arthropoda,Animalia,Temperature,NA
Sweden,Micranurida forsslundi,Arthropoda,Animalia,Temperature,NA
Sweden,Ochsella bifasciata,Arthropoda,Animalia,Temperature,NA
Sweden,Pseudanurophorus binoculatus,Arthropoda,Animalia,Temperature,NA
Sweden,Ochsella bifasciata,Arthropoda,Animalia,Temperature,NA
Sweden,Pseudanurophorus binoculatus,Arthropoda,Animalia,Temperature,NA
Sweden,Entomobrya nivalis,Arthropoda,Animalia,Temperature,NA
Sweden,Entomobrya nivalis,Arthropoda,Animalia,Temperature,NA
Sweden,Leidocyrtus lignorum,Arthropoda,Animalia,Temperature,Physiological
Sweden,Uropodidae adult,Arthropoda,Animalia,Temperature,NA
Sweden,Uropodidae adult,Arthropoda,Animalia,Temperature,NA
Sweden,Protaphorura gisini,Arthropoda,Animalia,Temperature,NA
Sweden,Trachytidae adult,Arthropoda,Animalia,Temperature,NA
Sweden,Isotomiella minor,Arthropoda,Animalia,Temperature,NA
Sweden,Mesaphorura macrochaeta,Arthropoda,Animalia,Temperature,NA
Sweden,Arrhopalites principalis,Arthropoda,Animalia,Temperature,NA
Sweden,Desoria hiemalis,Arthropoda,Animalia,Temperature,NA
Sweden,Willemia anophthalma,Arthropoda,Animalia,Temperature,NA
Sweden,Folsomia quadrioculata,Arthropoda,Animalia,Temperature,NA
Sweden,Folsomia quadrioculata,Arthropoda,Animalia,Temperature,NA
Sweden,Prostigmata Astigmata,Arthropoda,Animalia,Temperature,NA
Sweden,Uropodidae nymph,Arthropoda,Animalia,Temperature,NA
Sweden,Isotomurus graminis,Arthropoda,Animalia,Temperature,NA
Sweden,Arrhopalites principalis,Arthropoda,Animalia,Temperature,NA
Sweden,Pseudanurophorus binoculatus,Arthropoda,Animalia,Temperature,NA
Sweden,Folsomia quadrioculata,Arthropoda,Animalia,Temperature,NA
Sweden,Arrhopalites principalis,Arthropoda,Animalia,Temperature,NA
Sweden,Trachytidae nymph,Arthropoda,Animalia,Temperature,NA
Sweden,Entomobrya nivalis,Arthropoda,Animalia,Temperature,NA
Sweden,Micranurida forsslundi,Arthropoda,Animalia,Temperature,NA
Sweden,Parisotoma notabilis,Arthropoda,Animalia,Temperature,NA
Sweden,Desoria hiemalis,Arthropoda,Animalia,Temperature,NA
Sweden,Folsomia quadrioculata,Arthropoda,Animalia,Temperature,NA
Sweden,Dicytroma fusca,Arthropoda,Animalia,Temperature,NA
Sweden,Parisotoma notabilis,Arthropoda,Animalia,Temperature,NA
Sweden,Isotomurus graminis,Arthropoda,Animalia,Temperature,NA
Sweden,Isotomurus graminis,Arthropoda,Animalia,Temperature,NA
United States,Dictyosphaeria cavernosa,Algae & Cyanobacteria,Plantae,Rain,Demographic
Spain,Aquila pennata,Birds,Animalia,Storms,Behaviour
Spain,Accipiter gentilis,Birds,Animalia,Storms,Behaviour
Spain,Buteo buteo,Birds,Animalia,Storms,Behaviour
United States,Neotropical migrant birds,Birds,Animalia,Temperature,NA
United States,Permanent resident birds,Birds,Animalia,Temperature,NA
United States,Permanent resident birds,Birds,Animalia,Temperature,NA
United States,Neotropical migrant birds,Birds,Animalia,Temperature,NA
United States,Ground-nesting birds,Birds,Animalia,Temperature,NA
United States,Ground-nesting birds,Birds,Animalia,Temperature,NA
United States,Ground-nesting birds,Birds,Animalia,Temperature,NA
United States,Neotropical migrant birds,Birds,Animalia,Temperature,NA
United States,Permanent resident birds,Birds,Animalia,Temperature,NA
United States,Ground-nesting birds,Birds,Animalia,Temperature,NA
United States,Short distance migrant birds,Birds,Animalia,Temperature,NA
United States,Short distance migrant birds,Birds,Animalia,Temperature,NA
United States,Short distance migrant birds,Birds,Animalia,Temperature,NA
United States,Ground-nesting birds,Birds,Animalia,Temperature,NA
United States,Neotropical migrant birds,Birds,Animalia,Temperature,NA
United States,Short distance migrant birds,Birds,Animalia,Temperature,NA
United States,Permanent resident birds,Birds,Animalia,Temperature,NA
United States,Ground-nesting birds,Birds,Animalia,Temperature,NA
United States,Ground-nesting birds,Birds,Animalia,Temperature,NA
United States,Permanent resident birds,Birds,Animalia,Temperature,NA
United States,Neotropical migrant birds,Birds,Animalia,Temperature,NA
United States,Neotropical migrant birds,Birds,Animalia,Temperature,NA
United States,Neotropical migrant birds,Birds,Animalia,Temperature,NA
United States,Permanent resident birds,Birds,Animalia,Temperature,NA
United States,Short distance migrant birds,Birds,Animalia,Temperature,NA
United States,Neotropical migrant birds,Birds,Animalia,Temperature,NA
United States,Ground-nesting birds,Birds,Animalia,Temperature,NA
United States,Neotropical migrant birds,Birds,Animalia,Temperature,NA
United States,Neotropical migrant birds,Birds,Animalia,Temperature,NA
United States,Permanent resident birds,Birds,Animalia,Temperature,NA
United States,Short distance migrant birds,Birds,Animalia,Temperature,NA
United States,Permanent resident birds,Birds,Animalia,Temperature,NA
United States,Short distance migrant birds,Birds,Animalia,Temperature,NA
United States,Neotropical migrant birds,Birds,Animalia,Temperature,NA
United States,Neotropical migrant birds,Birds,Animalia,Temperature,NA
United States,Short distance migrant birds,Birds,Animalia,Temperature,NA
United States,Neotropical migrant birds,Birds,Animalia,Temperature,NA
United States,Short distance migrant birds,Birds,Animalia,Temperature,NA
United States,Short distance migrant birds,Birds,Animalia,Temperature,NA
United States,Permanent resident birds,Birds,Animalia,Temperature,NA
United States,Neotropical migrant birds,Birds,Animalia,Temperature,NA
United States,Permanent resident birds,Birds,Animalia,Temperature,NA
United States,Short distance migrant birds,Birds,Animalia,Temperature,NA
United States,Neotropical migrant birds,Birds,Animalia,Temperature,NA
United States,Neotropical migrant birds,Birds,Animalia,Temperature,NA
United States,Permanent resident birds,Birds,Animalia,Temperature,NA
United States,Ground-nesting birds,Birds,Animalia,Temperature,NA
United States,Ground-nesting birds,Birds,Animalia,Temperature,NA
United States,Neotropical migrant birds,Birds,Animalia,Temperature,NA
United States,Neotropical migrant birds,Birds,Animalia,Temperature,NA
United States,Neotropical migrant birds,Birds,Animalia,Temperature,NA
United States,Neotropical migrant birds,Birds,Animalia,Temperature,NA
United States,Permanent resident birds,Birds,Animalia,Temperature,NA
United States,Permanent resident birds,Birds,Animalia,Temperature,NA
United States,Neotropical migrant birds,Birds,Animalia,Temperature,NA
United States,Permanent resident birds,Birds,Animalia,Temperature,NA
United States,Short distance migrant birds,Birds,Animalia,Temperature,NA
United States,Neotropical migrant birds,Birds,Animalia,Temperature,NA
United States,Ground-nesting birds,Birds,Animalia,Temperature,NA
United States,Ground-nesting birds,Birds,Animalia,Temperature,NA
United States,Short distance migrant birds,Birds,Animalia,Temperature,NA
United States,Permanent resident birds,Birds,Animalia,Temperature,NA
United States,Permanent resident birds,Birds,Animalia,Temperature,NA
United States,Neotropical migrant birds,Birds,Animalia,Temperature,NA
United States,Permanent resident birds,Birds,Animalia,Temperature,NA
United States,Short distance migrant birds,Birds,Animalia,Temperature,NA
United States,Short distance migrant birds,Birds,Animalia,Temperature,NA
United States,Ground-nesting birds,Birds,Animalia,Temperature,NA
United States,Permanent resident birds,Birds,Animalia,Temperature,NA
United States,Short distance migrant birds,Birds,Animalia,Temperature,NA
United States,Short distance migrant birds,Birds,Animalia,Temperature,NA
United States,Neotropical migrant birds,Birds,Animalia,Temperature,NA
United States,Ground-nesting birds,Birds,Animalia,Temperature,NA
United States,Ground-nesting birds,Birds,Animalia,Temperature,NA
United States,Ground-nesting birds,Birds,Animalia,Temperature,NA
United States,Neotropical migrant birds,Birds,Animalia,Temperature,NA
United States,Permanent resident birds,Birds,Animalia,Temperature,NA
United States,Short distance migrant birds,Birds,Animalia,Temperature,NA
United States,Permanent resident birds,Birds,Animalia,Temperature,NA
United States,Short distance migrant birds,Birds,Animalia,Temperature,NA
United States,Neotropical migrant birds,Birds,Animalia,Temperature,NA
United States,Ground-nesting birds,Birds,Animalia,Temperature,NA
United States,Permanent resident birds,Birds,Animalia,Temperature,NA
United States,Ground-nesting birds,Birds,Animalia,Temperature,NA
United States,Short distance migrant birds,Birds,Animalia,Temperature,NA
United States,Ground-nesting birds,Birds,Animalia,Temperature,NA
United States,Neotropical migrant birds,Birds,Animalia,Temperature,NA
United States,Permanent resident birds,Birds,Animalia,Temperature,NA
United States,Neotropical migrant birds,Birds,Animalia,Temperature,NA
United States,Ground-nesting birds,Birds,Animalia,Temperature,NA
United States,Neotropical migrant birds,Birds,Animalia,Temperature,NA
United States,Neotropical migrant birds,Birds,Animalia,Temperature,NA
United States,Ground-nesting birds,Birds,Animalia,Temperature,NA
United States,Permanent resident birds,Birds,Animalia,Temperature,NA
United States,Neotropical migrant birds,Birds,Animalia,Temperature,NA
United States,Permanent resident birds,Birds,Animalia,Temperature,NA
United States,Ground-nesting birds,Birds,Animalia,Temperature,NA
United States,Neotropical migrant birds,Birds,Animalia,Temperature,NA
United States,Short distance migrant birds,Birds,Animalia,Temperature,NA
United States,Ground-nesting birds,Birds,Animalia,Temperature,NA
United States,Ground-nesting birds,Birds,Animalia,Temperature,NA
United States,Short distance migrant birds,Birds,Animalia,Temperature,NA
United States,Ground-nesting birds,Birds,Animalia,Temperature,NA
United States,Ground-nesting birds,Birds,Animalia,Temperature,NA
United States,Short distance migrant birds,Birds,Animalia,Temperature,NA
United States,Permanent resident birds,Birds,Animalia,Temperature,NA
United States,Ground-nesting birds,Birds,Animalia,Temperature,NA
United States,Neotropical migrant birds,Birds,Animalia,Temperature,NA
United States,Permanent resident birds,Birds,Animalia,Temperature,NA
United States,Short distance migrant birds,Birds,Animalia,Temperature,NA
United States,Ground-nesting birds,Birds,Animalia,Temperature,NA
United States,Ground-nesting birds,Birds,Animalia,Temperature,NA
United States,Permanent resident birds,Birds,Animalia,Temperature,NA
United States,Neotropical migrant birds,Birds,Animalia,Temperature,NA
United States,Neotropical migrant birds,Birds,Animalia,Temperature,NA
United States,Permanent resident birds,Birds,Animalia,Temperature,NA
United States,Permanent resident birds,Birds,Animalia,Temperature,NA
United States,Short distance migrant birds,Birds,Animalia,Temperature,NA
United States,Neotropical migrant birds,Birds,Animalia,Temperature,NA
United States,Ground-nesting birds,Birds,Animalia,Temperature,NA
United States,Permanent resident birds,Birds,Animalia,Temperature,NA
United States,Ground-nesting birds,Birds,Animalia,Temperature,NA
United States,Short distance migrant birds,Birds,Animalia,Temperature,NA
United States,Neotropical migrant birds,Birds,Animalia,Temperature,NA
United States,Ground-nesting birds,Birds,Animalia,Temperature,NA
United States,Neotropical migrant birds,Birds,Animalia,Temperature,NA
United States,Neotropical migrant birds,Birds,Animalia,Temperature,NA
United States,Short distance migrant birds,Birds,Animalia,Temperature,NA
United States,Short distance migrant birds,Birds,Animalia,Temperature,NA
United States,Ground-nesting birds,Birds,Animalia,Temperature,NA
United States,Neotropical migrant birds,Birds,Animalia,Temperature,NA
United States,Short distance migrant birds,Birds,Animalia,Temperature,NA
United States,Ground-nesting birds,Birds,Animalia,Temperature,NA
United States,Short distance migrant birds,Birds,Animalia,Temperature,NA
United States,Neotropical migrant birds,Birds,Animalia,Temperature,NA
United States,Short distance migrant birds,Birds,Animalia,Temperature,NA
United States,Short distance migrant birds,Birds,Animalia,Temperature,NA
United States,Short distance migrant birds,Birds,Animalia,Temperature,NA
United States,Neotropical migrant birds,Birds,Animalia,Temperature,NA
United States,Short distance migrant birds,Birds,Animalia,Temperature,NA
United States,Ground-nesting birds,Birds,Animalia,Temperature,NA
United States,Neotropical migrant birds,Birds,Animalia,Temperature,NA
United States,Short distance migrant birds,Birds,Animalia,Temperature,NA
United States,Permanent resident birds,Birds,Animalia,Temperature,NA
United States,Neotropical migrant birds,Birds,Animalia,Temperature,NA
United States,Ground-nesting birds,Birds,Animalia,Temperature,NA
United States,Neotropical migrant birds,Birds,Animalia,Temperature,NA
United States,Neotropical migrant birds,Birds,Animalia,Temperature,NA
United States,Short distance migrant birds,Birds,Animalia,Temperature,NA
United States,Neotropical migrant birds,Birds,Animalia,Temperature,NA
United States,Short distance migrant birds,Birds,Animalia,Temperature,NA
United States,Ground-nesting birds,Birds,Animalia,Temperature,NA
United States,Ground-nesting birds,Birds,Animalia,Temperature,NA
United States,Permanent resident birds,Birds,Animalia,Temperature,NA
United States,Permanent resident birds,Birds,Animalia,Temperature,NA
United States,Short distance migrant birds,Birds,Animalia,Temperature,NA
United States,Short distance migrant birds,Birds,Animalia,Temperature,NA
United States,Short distance migrant birds,Birds,Animalia,Temperature,NA
United States,Ground-nesting birds,Birds,Animalia,Temperature,NA
United States,Permanent resident birds,Birds,Animalia,Temperature,NA
United States,Permanent resident birds,Birds,Animalia,Temperature,NA
United States,Ground-nesting birds,Birds,Animalia,Temperature,NA
United States,Ground-nesting birds,Birds,Animalia,Temperature,NA
United States,Permanent resident birds,Birds,Animalia,Temperature,NA
United States,Short distance migrant birds,Birds,Animalia,Temperature,NA
United States,Permanent resident birds,Birds,Animalia,Temperature,NA
United States,Short distance migrant birds,Birds,Animalia,Temperature,NA
United States,Ground-nesting birds,Birds,Animalia,Temperature,NA
United States,Permanent resident birds,Birds,Animalia,Temperature,NA
United States,Permanent resident birds,Birds,Animalia,Temperature,NA
United States,Permanent resident birds,Birds,Animalia,Temperature,NA
United States,Short distance migrant birds,Birds,Animalia,Temperature,NA
United States,Short distance migrant birds,Birds,Animalia,Temperature,NA
United States,Permanent resident birds,Birds,Animalia,Temperature,NA
United States,Short distance migrant birds,Birds,Animalia,Temperature,NA
United States,Ground-nesting birds,Birds,Animalia,Temperature,NA
United States,Ground-nesting birds,Birds,Animalia,Temperature,NA
United States,Neotropical migrant birds,Birds,Animalia,Temperature,NA
United States,Ground-nesting birds,Birds,Animalia,Temperature,NA
United States,Short distance migrant birds,Birds,Animalia,Temperature,NA
United States,Ground-nesting birds,Birds,Animalia,Temperature,NA
United States,Permanent resident birds,Birds,Animalia,Temperature,NA
United States,Ground-nesting birds,Birds,Animalia,Temperature,NA
United States,Neotropical migrant birds,Birds,Animalia,Temperature,NA
United States,Neotropical migrant birds,Birds,Animalia,Temperature,NA
United States,Short distance migrant birds,Birds,Animalia,Temperature,NA
United States,Short distance migrant birds,Birds,Animalia,Temperature,NA
United States,Permanent resident birds,Birds,Animalia,Temperature,NA
United States,Permanent resident birds,Birds,Animalia,Temperature,NA
United States,Ground-nesting birds,Birds,Animalia,Temperature,NA
United States,Short distance migrant birds,Birds,Animalia,Temperature,NA
United States,Permanent resident birds,Birds,Animalia,Temperature,NA
United States,Permanent resident birds,Birds,Animalia,Temperature,NA
United States,Permanent resident birds,Birds,Animalia,Temperature,NA
United States,Short distance migrant birds,Birds,Animalia,Temperature,NA
United States,Ground-nesting birds,Birds,Animalia,Temperature,NA
United States,Neotropical migrant birds,Birds,Animalia,Temperature,NA
United States,Permanent resident birds,Birds,Animalia,Temperature,NA
United States,Permanent resident birds,Birds,Animalia,Temperature,NA
United States,Ground-nesting birds,Birds,Animalia,Temperature,NA
United States,Permanent resident birds,Birds,Animalia,Temperature,NA
United States,Permanent resident birds,Birds,Animalia,Temperature,NA
United States,Short distance migrant birds,Birds,Animalia,Temperature,NA
United States,Ground-nesting birds,Birds,Animalia,Temperature,NA
United States,Aulacoseira,Algae & Cyanobacteria,Eubacteria,Wind,NA
United States,Planktolyngbya ,Algae & Cyanobacteria,Eubacteria,Wind,NA
United States,Anabaena,Algae & Cyanobacteria,Eubacteria,Wind,NA
Sweden,stream macroinvertebrates,Arthropoda,Animalia,Storms,NA
Australia,Liasis fuscus,Reptilia,Animalia,Flood,NA
Australia,Liasis fuscus,Reptilia,Animalia,Flood,Behaviour
Australia,Rattus colletti,Mammalia,Animalia,Flood,NA
England,Aranae,arthropoda,Animalia,Temperature,NA
England,Collembola,arthropoda,Animalia,Temperature,NA
England,Aphididae,arthropoda,Animalia,Temperature,NA
England,Cicadellidae,arthropoda,Animalia,Temperature,NA
England,Delphacidae,arthropoda,Animalia,Temperature,NA
England,Heteroptera,arthropoda,Animalia,Temperature,NA
England,Heteroptera adults,arthropoda,Animalia,Temperature,NA
England,Heteroptera nymphs,arthropoda,Animalia,Temperature,NA
England,Thysanoptera,arthropoda,Animalia,Temperature,NA
England,Braconidae,arthropoda,Animalia,Temperature,NA
England,Chalcididae,arthropoda,Animalia,Temperature,NA
England,Carabidae,arthropoda,Animalia,Temperature,NA
England,Tachyporous,arthropoda,Animalia,Temperature,NA
England,Tachyporous adult,arthropoda,Animalia,Temperature,NA
England,Tachyporous young,arthropoda,Animalia,Temperature,NA
England,Enicmus,arthropoda,Animalia,Temperature,NA
England,Lathridiidae,arthropoda,Animalia,Temperature,NA
England,Atomaria,arthropoda,Animalia,Temperature,NA
England,Cryptophagidae,arthropoda,Animalia,Temperature,NA
England,Cecidomyiidae,arthropoda,Animalia,Temperature,NA
England,Mycetophilidae,arthropoda,Animalia,Temperature,NA
England,Empididae,arthropoda,Animalia,Temperature,NA
England,Lonchopteridae,arthropoda,Animalia,Temperature,NA
England,Agromyzidae,arthropoda,Animalia,Temperature,NA
England,Opomyzidae,arthropoda,Animalia,Temperature,NA
England,Drosophilidae,arthropoda,Animalia,Temperature,NA
England,Aranae,arthropoda,Animalia,Drought,NA
England,Collembola,arthropoda,Animalia,Drought,NA
England,Aphididae,arthropoda,Animalia,Drought,NA
England,Cicadellidae,arthropoda,Animalia,Drought,NA
England,Delphacidae,arthropoda,Animalia,Drought,NA
England,Heteroptera,arthropoda,Animalia,Drought,NA
England,Heteroptera adults,arthropoda,Animalia,Drought,NA
England,Heteroptera nymphs,arthropoda,Animalia,Drought,NA
England,Thysanoptera,arthropoda,Animalia,Drought,NA
England,Braconidae,arthropoda,Animalia,Drought,NA
England,Chalcididae,arthropoda,Animalia,Drought,NA
England,Carabidae,arthropoda,Animalia,Drought,NA
England,Tachyporous,arthropoda,Animalia,Drought,NA
England,Tachyporous adult,arthropoda,Animalia,Drought,NA
England,Tachyporous young,arthropoda,Animalia,Drought,NA
England,Enicmus,arthropoda,Animalia,Drought,NA
England,Lathridiidae,arthropoda,Animalia,Drought,NA
England,Atomaria,arthropoda,Animalia,Drought,NA
England,Cryptophagidae,arthropoda,Animalia,Drought,NA
England,Cecidomyiidae,arthropoda,Animalia,Drought,NA
England,Mycetophilidae,arthropoda,Animalia,Drought,NA
England,Empididae,arthropoda,Animalia,Drought,NA
England,Lonchopteridae,arthropoda,Animalia,Drought,NA
England,Agromyzidae,arthropoda,Animalia,Drought,NA
England,Opomyzidae,arthropoda,Animalia,Drought,NA
England,Drosophilidae,arthropoda,Animalia,Drought,NA
Australia,Rattus colletti,Mammalia,Animalia,Flood,NA
Africa,Bicyclus anynana,Arthropoda,Animalia,Temperature,NA
Africa,Bicyclus anynana,Arthropoda,Animalia,Temperature,NA
Africa,Bicyclus anynana,Arthropoda,Animalia,Temperature,NA
Africa,Bicyclus anynana,Arthropoda,Animalia,Temperature,NA
Africa,Bicyclus anynana,Arthropoda,Animalia,Temperature,NA
China,Cleisostoma nangongense,Angiospermae,Plantae,Temperature,Physiological
China,Cleisostoma paniculatum,Angiospermae,Plantae,Temperature,Physiological
China,Robiquetia succisa,Angiospermae,Plantae,Temperature,Physiological
China,Dendrobium lindleyi,Angiospermae,Plantae,Temperature,Physiological
China,Liparis viridiflora,Angiospermae,Plantae,Temperature,Physiological
China,Cheirostylis chinensis,Angiospermae,Plantae,Temperature,Physiological
China,Cymbidium tracyanum,Angiospermae,Plantae,Temperature,Physiological
China,Calanthe argenteo-striata,Angiospermae,Plantae,Temperature,Physiological
China,Dendrobium williamsonii,Angiospermae,Plantae,Temperature,Physiological
China,Phaius flavus,Angiospermae,Plantae,Temperature,Physiological
China,Eria corneri,Angiospermae,Plantae,Temperature,Physiological
China,Paphiopedilum dianthum,Angiospermae,Plantae,Temperature,Physiological
China,Paphiopedilum hirsutissimum,Angiospermae,Plantae,Temperature,Physiological
China,Paphiopedilum micranthum,Angiospermae,Plantae,Temperature,Physiological
China,Luisia teres,Angiospermae,Plantae,Temperature,Physiological
China,Cymbidium tortisepalum,Angiospermae,Plantae,Temperature,Physiological
China,Cleisostoma nangongense,Angiospermae,Plantae,Drought,Physiological
China,Cleisostoma paniculatum,Angiospermae,Plantae,Drought,Physiological
China,Robiquetia succisa,Angiospermae,Plantae,Drought,Physiological
China,Vandopsis gigantea,Angiospermae,Plantae,Drought,Physiological
China,Dendrobium lindleyi,Angiospermae,Plantae,Drought,Physiological
China,Liparis viridiflora,Angiospermae,Plantae,Drought,Physiological
China,Cymbidium bicolor,Angiospermae,Plantae,Drought,Physiological
China,Cheirostylis chinensis,Angiospermae,Plantae,Drought,Physiological
China,Cymbidium tracyanum,Angiospermae,Plantae,Drought,Physiological
China,Acanthephippium sylhetense,Angiospermae,Plantae,Drought,Physiological
China,Calanthe argenteo-striata,Angiospermae,Plantae,Drought,Physiological
China,Dendrobium williamsonii,Angiospermae,Plantae,Drought,Physiological
China,Phaius flavus,Angiospermae,Plantae,Drought,Physiological
China,Eria corneri,Angiospermae,Plantae,Drought,Physiological
China,Paphiopedilum dianthum,Angiospermae,Plantae,Drought,Physiological
China,Paphiopedilum hirsutissimum,Angiospermae,Plantae,Drought,Physiological
China,Paphiopedilum micranthum,Angiospermae,Plantae,Drought,Physiological
China,Luisia teres,Angiospermae,Plantae,Drought,Physiological
China,Cymbidium bicolor,Angiospermae,Plantae,Temperature,NA
China,Acanthephippium sylhetense,Angiospermae,Plantae,Temperature,NA
China,Vandopsis gigantea,Angiospermae,Plantae,Temperature,NA
France,Capreolus capreolus,Mammalia,Animalia,Wind,Behaviour
France,Capreolus capreolus,Mammalia,Animalia,Wind,Behaviour
Russia,Rangifer tarandus platyrhynchus,Mammalia,Animalia,Temperature,NA
United States,Gryllus texensis,Mammalia,Animalia,Temperature,NA
United States,Gryllus texensis,Mammalia,Animalia,Temperature,NA
Switzerland,Bromus,Plantae,Plantae,Temperature,NA
Switzerland,Bromus,Plantae,Plantae,Drought,Demographic
Switzerland,Bromus,Plantae,Plantae,Flood,Demographic
Switzerland,Trifolium,Plantae,Plantae,Temperature,NA
Switzerland,Trifolium,Plantae,Plantae,Drought,Demographic
Switzerland,Trifolium,Plantae,Plantae,Flood,Demographic
Switzerland,Asteraceae,Plantae,Plantae,Temperature,NA
Switzerland,Asteraceae,Plantae,Plantae,Drought,Demographic
Switzerland,Asteraceae,Plantae,Plantae,Flood,Demographic
Switzerland,L. Serriola,Plantae,Plantae,Temperature,NA
United States,Arctostaphylos pungens,Plantae,Plantae,Drought,NA
United States,Juniperus monosperma,Gymnospermae,Plantae,Drought,NA
United States,Populus tremuloides,Plantae,Plantae,Drought,NA
United States,Pinus ponderosa,Gymnospermae,Plantae,Drought,NA
United States,Populus fremontii,Plantae,Plantae,Drought,NA
United States,Pinus edulis,Gymnospermae,Plantae,Drought,NA
"Namibia,Northern Cape",Aloe dichotoma,Angiospermae,Plantae,Wind,NA
"Namibia,Northern Cape",Aloe dichotoma,Angiospermae,Plantae,Wind,NA
"Namibia,Northern Cape",Aloe dichotoma,Angiospermae,Plantae,Wind,NA
"Namibia,Northern Cape",Aloe dichotoma,Angiospermae,Plantae,Wind,NA
"Namibia,Northern Cape",Aloe dichotoma,Angiospermae,Plantae,Wind,NA
"Namibia,Northern Cape",Aloe dichotoma,Angiospermae,Plantae,Wind,NA
"Namibia,Northern Cape",Aloe dichotoma,Angiospermae,Plantae,Wind,NA
"Namibia,Northern Cape",Aloe dichotoma,Angiospermae,Plantae,Wind,NA
"Namibia,Northern Cape",Aloe dichotoma,Angiospermae,Plantae,Wind,NA
"Namibia,Northern Cape",Aloe dichotoma,Angiospermae,Plantae,Wind,NA
"Namibia,Northern Cape",Aloe dichotoma,Angiospermae,Plantae,Wind,NA
"Namibia,Northern Cape",Aloe dichotoma,Angiospermae,Plantae,Wind,NA
"Namibia,Northern Cape",Aloe dichotoma,Angiospermae,Plantae,Wind,NA
"Namibia,Northern Cape",Aloe dichotoma,Angiospermae,Plantae,Wind,NA
Africa,Ruditapes philip-pinarum,Mollusca,Animalia,Salinity&Contamination,NA
Africa,Ruditapes philip-pinarum,Mollusca,Animalia,Salinity&Contamination,NA
Africa,Ruditapes philip-pinarum,Mollusca,Animalia,Salinity&Contamination,NA
Africa,Ruditapes philip-pinarum,Mollusca,Animalia,Salinity&Contamination,NA
Africa,Ruditapes philip-pinarum,Mollusca,Animalia,Salinity&Contamination,NA
Africa,Ruditapes philip-pinarum,Mollusca,Animalia,Salinity&Contamination,NA
United States,Rostrhamus sociabilis plumbeus,Birds,Animalia,Drought,NA
United States,Rostrhamus sociabilis plumbeus,Birds,Animalia,Drought,NA
Switzerland,Tyto alba,Birds,Animalia,Temperature,Demographic
Switzerland,Tyto alba,Birds,Animalia,Temperature,Demographic
Scotland,Phalacrocorax aristotelis,Birds,Animalia,Storms,NA
France,Capreolus capreolus,Mammalia,Animalia,Wind,Behaviour
France,Capreolus capreolus,Mammalia,Animalia,Wind,Behaviour
France,Capreolus capreolus,Mammalia,Animalia,Wind,Behaviour
France,Capreolus capreolus,Mammalia,Animalia,Wind,Behaviour
France,Capreolus capreolus,Mammalia,Animalia,Wind,Behaviour
France,Capreolus capreolus,Mammalia,Animalia,Wind,Behaviour
Australia,Tiliqua rugosa ,Reptilia,Animalia,Storms,NA
Australia,Tiliqua rugosa ,Reptilia,Animalia,Drought,NA
"Canada,USA",Arabidopsis kamchatica,Plantae,Plantae,Temperature,Physiological
United Kingdom,Grus grus,Birds,Animalia,Flood,NA
Australia,Hardenbergia violacea,Plantae,Plantae,Temperature,NA
Australia,Dugong dugon,Mammalia,Animalia,Storms,NA
Australia,Sousa chinensis,Mammalia,Animalia,Flood,NA
Australia,Dugong dugon,Mammalia,Animalia,Flood,NA
"New Zealand,Japan",Dugong dugon,Mammalia,Animalia,Storms,NA
"New Zealand,Japan",Lagenorhynchus obscurus,Mammalia,Animalia,Storms,NA
"New Zealand,Japan",Dugong dugon,Mammalia,Animalia,Storms,NA
"New Zealand,Japan",Lagenorhynchus obscurus,Mammalia,Animalia,Storms,NA
England,Grus grus,Birds,Animalia,Flood,Behaviour
Switzerland,Sepsis punctum,arthropoda,Animalia,Temperature,NA
Switzerland,Sepsis punctum,arthropoda,Animalia,Temperature,NA
Australia,Liasis fuscus,Reptilia,Animalia,Flood,Behaviour
Australia,Liasis fuscus,Reptilia,Animalia,Flood,NA
United States,Perna viridis,Mollusca,Animalia,Temperature,NA
Germany,Nematoda sp.,Worm,Animalia,Flood,NA
Germany,Nematoda sp.,Worm,Animalia,Flood,NA
Germany,Nematoda sp.,Worm,Animalia,Flood,NA
Germany,Nematoda sp.,Worm,Animalia,Flood,NA
Germany,Nematoda community,Worm,Animalia,Flood,Demographic
Madagascar,Fish,Fish,Animalia,Wind,Behaviour
Brazil,Ementa Brasilliensis,Arthropoda,Animalia,Storms,NA
Brazil,Pisionidens indica,Worm,Animalia,Storms,NA
Brazil,Nemertea,Worm,Animalia,Storms,NA
Brazil,Ementa Brasilliensis,Arthropoda,Animalia,Storms,NA
Brazil,Atiantorchestoidea brasilliensis,Arthropoda,Animalia,Storms,NA
Brazil,Nemertea,Worm,Animalia,Storms,NA
Brazil,Excirplana brazilliensis,Arthropoda,Animalia,Storms,NA
Brazil,Atiantorchestoidea brasilliensis,Arthropoda,Animalia,Storms,NA
Brazil,Nemertea,Worm,Animalia,Storms,NA
Brazil,Ementa Brasilliensis,Arthropoda,Animalia,Storms,NA
Brazil,Ementa Brasilliensis,Arthropoda,Animalia,Storms,NA
Brazil,Excirplana brazilliensis,Arthropoda,Animalia,Storms,NA
Brazil,Hemipodia californiensis,Worm,Animalia,Storms,NA
Brazil,Atiantorchestoidea brasilliensis,Arthropoda,Animalia,Storms,NA
Brazil,Excirplana brazilliensis,Arthropoda,Animalia,Storms,NA
Brazil,Pisionidens indica,Worm,Animalia,Storms,NA
Brazil,Ementa Brasilliensis,Arthropoda,Animalia,Storms,NA
Brazil,Hemipodia californiensis,Worm,Animalia,Storms,NA
Brazil,Hemipodia californiensis,Worm,Animalia,Storms,NA
Brazil,Hemipodia californiensis,Worm,Animalia,Storms,NA
Brazil,Nemertea,Worm,Animalia,Storms,NA
Brazil,Nemertea,Worm,Animalia,Storms,NA
Brazil,Hemipodia californiensis,Worm,Animalia,Storms,NA
Brazil,Pisionidens indica,Worm,Animalia,Storms,NA
Brazil,Ementa Brasilliensis,Arthropoda,Animalia,Storms,NA
Brazil,Ementa Brasilliensis,Arthropoda,Animalia,Storms,NA
Brazil,Excirplana brazilliensis,Arthropoda,Animalia,Storms,NA
Brazil,Pisionidens indica,Worm,Animalia,Storms,NA
Brazil,Pisionidens indica,Worm,Animalia,Storms,NA
Brazil,Nemertea,Worm,Animalia,Storms,NA
Brazil,Nemertea,Worm,Animalia,Storms,NA
Brazil,Ementa Brasilliensis,Arthropoda,Animalia,Storms,NA
Brazil,Excirplana brazilliensis,Arthropoda,Animalia,Storms,NA
Brazil,Excirplana brazilliensis,Arthropoda,Animalia,Storms,NA
Brazil,Pisionidens indica,Worm,Animalia,Storms,NA
Brazil,Atiantorchestoidea brasilliensis,Arthropoda,Animalia,Storms,NA
Brazil,Atiantorchestoidea brasilliensis,Arthropoda,Animalia,Storms,NA
Brazil,Excirplana brazilliensis,Arthropoda,Animalia,Storms,NA
Brazil,Pisionidens indica,Worm,Animalia,Storms,NA
Brazil,Hemipodia californiensis,Worm,Animalia,Storms,NA
Brazil,Excirplana brazilliensis,Arthropoda,Animalia,Storms,NA
Brazil,Atiantorchestoidea brasilliensis,Arthropoda,Animalia,Storms,NA
Brazil,Hemipodia californiensis,Worm,Animalia,Storms,NA
Brazil,Atiantorchestoidea brasilliensis,Arthropoda,Animalia,Storms,NA
Brazil,Pisionidens indica,Worm,Animalia,Storms,NA
Brazil,Atiantorchestoidea brasilliensis,Arthropoda,Animalia,Storms,NA
Brazil,Hemipodia californiensis,Worm,Animalia,Storms,NA
Brazil,Nemertea,Worm,Animalia,Storms,NA
China,No. arborous species = 3–12 m,Plantae,Plantae,Storms,Behaviour
China,No. arborous species,Plantae,Plantae,Storms,Behaviour
China,No. shrub species,Plantae,Plantae,Storms,Behaviour
China,No. grass species,Plantae,Plantae,Storms,Behaviour
China,No. arborous species< 3 m,Plantae,Plantae,Storms,Behaviour
China,No. arborous species > 12 m,Plantae,Plantae,Storms,NA
Germany ,plants unspecified,Plantae,Plantae,Flood,NA
Germany ,plants unspecified,Plantae,Plantae,Flood,NA
Britain,Lepidoptera,Arthropoda,Animalia,Drought,NA
Australia,birds unspecified,Birds,Animalia,Drought,NA
Africa,Bicyclus anynana,Arthropoda,Animalia,Temperature,NA
Africa,Bicyclus anynana,Arthropoda,Animalia,Temperature,NA
Africa,Bicyclus anynana,Arthropoda,Animalia,Temperature,NA
Africa,Bicyclus anynana,Arthropoda,Animalia,Temperature,NA
Africa,Bicyclus anynana,Arthropoda,Animalia,Temperature,NA
Africa,Bicyclus anynana,Arthropoda,Animalia,Temperature,NA
Africa,Bicyclus anynana,Arthropoda,Animalia,Temperature,NA
Africa,Bicyclus anynana,Arthropoda,Animalia,Temperature,NA
Africa,Bicyclus anynana,Arthropoda,Animalia,Temperature,NA
Africa,Bicyclus anynana,Arthropoda,Animalia,Temperature,NA
Africa,Bicyclus anynana,Arthropoda,Animalia,Temperature,NA
Africa,Bicyclus anynana,Arthropoda,Animalia,Temperature,NA
Africa,Bicyclus anynana,Arthropoda,Animalia,Temperature,NA
Africa,Bicyclus anynana,Arthropoda,Animalia,Temperature,NA
Africa,Bicyclus anynana,Arthropoda,Animalia,Temperature,NA
Africa,Bicyclus anynana,Arthropoda,Animalia,Temperature,NA
Africa,Bicyclus anynana,Arthropoda,Animalia,Temperature,NA
Africa,Bicyclus anynana,Arthropoda,Animalia,Temperature,NA
Africa,Bicyclus anynana,Arthropoda,Animalia,Temperature,NA
Africa,Bicyclus anynana,Arthropoda,Animalia,Temperature,NA
Africa,Bicyclus anynana,Arthropoda,Animalia,Temperature,NA
Africa,Bicyclus anynana,Arthropoda,Animalia,Temperature,NA
Africa,Bicyclus anynana,Arthropoda,Animalia,Temperature,NA
Africa,Bicyclus anynana,Arthropoda,Animalia,Temperature,NA
Africa,Bicyclus anynana,Arthropoda,Animalia,Temperature,NA
Africa,Bicyclus anynana,Arthropoda,Animalia,Temperature,NA
Africa,Bicyclus anynana,Arthropoda,Animalia,Temperature,NA
Africa,Bicyclus anynana,Arthropoda,Animalia,Temperature,NA
Africa,Bicyclus anynana,Arthropoda,Animalia,Temperature,NA
Africa,Bicyclus anynana,Arthropoda,Animalia,Temperature,NA
Africa,Bicyclus anynana,Arthropoda,Animalia,Temperature,NA
Africa,Bicyclus anynana,Arthropoda,Animalia,Temperature,NA
Africa,Bicyclus anynana,Arthropoda,Animalia,Temperature,NA
Africa,Bicyclus anynana,Arthropoda,Animalia,Temperature,NA
Africa,Bicyclus anynana,Arthropoda,Animalia,Temperature,NA
Africa,Bicyclus anynana,Arthropoda,Animalia,Temperature,NA
Africa,Bicyclus anynana,Arthropoda,Animalia,Temperature,NA
Africa,Bicyclus anynana,Arthropoda,Animalia,Temperature,NA
Africa,Bicyclus anynana,Arthropoda,Animalia,Temperature,NA
Africa,Bicyclus anynana,Arthropoda,Animalia,Temperature,NA
Africa,Bicyclus anynana,Arthropoda,Animalia,Temperature,NA
Africa,Bicyclus anynana,Arthropoda,Animalia,Temperature,NA
Africa,Bicyclus anynana,Arthropoda,Animalia,Temperature,NA
Africa,Bicyclus anynana,Arthropoda,Animalia,Temperature,NA
Africa,Bicyclus anynana,Arthropoda,Animalia,Temperature,NA
Africa,Bicyclus anynana,Arthropoda,Animalia,Temperature,NA
Africa,Bicyclus anynana,Arthropoda,Animalia,Temperature,NA
Africa,Bicyclus anynana,Arthropoda,Animalia,Temperature,NA
Africa,Bicyclus anynana,Arthropoda,Animalia,Temperature,NA
Africa,Bicyclus anynana,Arthropoda,Animalia,Temperature,NA
Africa,Bicyclus anynana,Arthropoda,Animalia,Temperature,NA
Africa,Bicyclus anynana,Arthropoda,Animalia,Temperature,NA
Africa,Bicyclus anynana,Arthropoda,Animalia,Temperature,NA
Africa,Bicyclus anynana,Arthropoda,Animalia,Temperature,NA
Africa,Bicyclus anynana,Arthropoda,Animalia,Temperature,NA
Africa,Bicyclus anynana,Arthropoda,Animalia,Temperature,NA
Africa,Bicyclus anynana,Arthropoda,Animalia,Temperature,NA
Africa,Bicyclus anynana,Arthropoda,Animalia,Temperature,NA
Norway,Cassiope tetragona,Angiospermae,Plantae,Temperature,Physiological
Sweden,Vaccinium myrtillus,Angiospermae,Plantae,Temperature,NA
Sweden,Empetrum hermaphroditum,Angiospermae,Plantae,Temperature,NA
Sweden,Vaccinium vitis-idaea,Angiospermae,Plantae,Temperature,NA
Canada,Eremophila alpestris,Birds,Animalia,Storms,NA
Canada,Eremophila alpestris,Birds,Animalia,Storms,NA
Canada,Eremophila alpestris,Birds,Animalia,Storms,NA
Canada,Eremophila alpestris,Birds,Animalia,Storms,NA
Russia,Buteo lagopus,Birds,Animalia,Temperature,NA
Africa,Bicyclus anynana,Arthropoda,Animalia,Temperature,NA
Africa,Bicyclus anynana,Arthropoda,Animalia,Temperature,NA
Africa,Bicyclus anynana,Arthropoda,Animalia,Temperature,NA
Africa,Bicyclus anynana,Arthropoda,Animalia,Temperature,NA
Africa,Bicyclus anynana,Arthropoda,Animalia,Temperature,NA
Africa,Bicyclus anynana,Arthropoda,Animalia,Temperature,NA
Africa,Bicyclus anynana,Arthropoda,Animalia,Temperature,NA
Germany,Lycaena tityrus,Arthropoda,Animalia,Temperature,Physiological
Germany,Lycaena tityrus,Arthropoda,Animalia,Temperature,Physiological
Germany,Lycaena tityrus,Arthropoda,Animalia,Temperature,Physiological
Germany,Lycaena tityrus,Arthropoda,Animalia,Temperature,Physiological
Netherlands,Limosa limosa limosa,Birds,Animalia,Storms,Behaviour
Switzerland,Tyto alba,Birds,Animalia,Temperature,Demographic
Switzerland,Tyto alba,Birds,Animalia,Temperature,Demographic
Scotland,Phalacrocorax aristotelis,Birds,Animalia,Storms,NA
Scotland,Phalacrocorax aristotelis,Birds,Animalia,Storms,NA
France,Capreolus capreolus,Mammalia,Animalia,Wind,Behaviour
France,Capreolus capreolus,Mammalia,Animalia,Wind,Behaviour
Australia,Tiliqua rugosa ,Reptilia,Animalia,Drought,NA
Australia,Tiliqua rugosa ,Reptilia,Animalia,Storms,NA
Greenland,Pagophila eburnea,Birds,Animalia,Rain,NA
Greenland,Pagophila eburnea,Birds,Animalia,Rain,NA
Spain,Aquila pennata,Birds,Animalia,Storms,Demographic
Spain,Buteo buteo,Birds,Animalia,Storms,Demographic
Spain,Accipiter gentilis,Birds,Animalia,Storms,Demographic
Australia,Arctocephalus pusillus,Mammalia,Animalia,Flood,NA
Australia,Arctocephalus pusillus,Mammalia,Animalia,Storms,NA
"West Indies,Australia",Eubalaena australis,Mammalia,Animalia,Rain,NA
"West Indies,Australia",Megaptera novaeangliae,Mammalia,Animalia,Rain,NA
Germany,Picea abies,Gymnospermae,Plantae,Temperature,NA
Germany,Pinus sylvestris,Gymnospermae,Plantae,Temperature,NA
Germany,Abies grandis,Gymnospermae,Plantae,Temperature,NA
Germany,Larix decidua,Gymnospermae,Plantae,Temperature,NA
Germany,Larix decidua,Gymnospermae,Plantae,Temperature,NA
Germany,Acer pseudoplatanus,Angiospermae,Plantae,Temperature,NA
Germany,Pinus sylvestris,Gymnospermae,Plantae,Temperature,NA
Germany,Picea abies,Gymnospermae,Plantae,Temperature,NA
Germany,Abies grandis,Gymnospermae,Plantae,Temperature,NA
Germany,Fagus sylvatica,Angiospermae,Plantae,Temperature,NA
Germany,Robinia pseudoacacia,Angiospermae,Plantae,Temperature,NA
Germany,Acer pseudoplatanus,Angiospermae,Plantae,Temperature,NA
Germany,Juglans regia,Angiospermae,Plantae,Temperature,NA
Germany,Robinia pseudoacacia,Angiospermae,Plantae,Temperature,NA
Germany,Fagus sylvatica,Angiospermae,Plantae,Temperature,NA
Germany,Juglans regia,Angiospermae,Plantae,Temperature,NA
Spain,Ficedula hypoleuca,Gymnospermae,Plantae,Temperature,NA
Australia,Eucalyptus marginata,Angiospermae,Plantae,Drought,NA
Australia,"Corymbia
calophylla",Angiospermae,Plantae,Drought,NA
Svalbard,Rangifer tarandus platyrhynchus,Mammalia,Animalia,Temperature,Behaviour
China,No. dead trees,Plantae,Plantae,Storms,NA
Estonia,Gymnocephalus cernuus,Birds,Animalia,Temperature,NA
Norway,Rangifer tarandus,Mammalia,Animalia,Rain,NA
Norway,Rangifer tarandus,Mammalia,Animalia,Rain,NA
Norway,Rangifer tarandus,Mammalia,Animalia,Rain,NA
Norway,Rangifer tarandus,Mammalia,Animalia,Rain,NA
Norway,Rangifer tarandus,Mammalia,Animalia,Rain,NA
Norway,Rangifer tarandus,Mammalia,Animalia,Rain,NA
Australia,Phascolarctos cinereus,Mammalia,Animalia,Drought,NA
Australia,Phascolarctos cinereus,Mammalia,Animalia,Drought,NA
Australia,Phascolarctos cinereus,Mammalia,Animalia,Drought,NA
Spain,Accipiter gentilis,Birds,Animalia,Storms,Behaviour
Spain,Buteo buteo,Birds,Animalia,Storms,Behaviour
Spain,Buteo buteo,Birds,Animalia,Storms,Behaviour
Spain,Accipiter gentilis,Birds,Animalia,Storms,Behaviour
Spain,Aquila pennata,Birds,Animalia,Storms,Behaviour
Spain,Aquila pennata,Birds,Animalia,Storms,Behaviour
Australia,Tursiops aduncus,Mammalia,Animalia,Flood,Behaviour
Africa,Bicyclus anynana,Arthropoda,Animalia,Temperature,Physiological
Africa,Bicyclus anynana,Arthropoda,Animalia,Temperature,Physiological
Africa,Bicyclus anynana,Arthropoda,Animalia,Temperature,NA
Africa,Bicyclus anynana,Arthropoda,Animalia,Temperature,NA
Africa,Bicyclus anynana,Arthropoda,Animalia,Temperature,NA
Africa,Bicyclus anynana,Arthropoda,Animalia,Temperature,NA
Africa,Bicyclus anynana,Arthropoda,Animalia,Temperature,NA
Africa,Bicyclus anynana,Arthropoda,Animalia,Temperature,NA
Africa,Bicyclus anynana,Arthropoda,Animalia,Temperature,Physiological
Africa,Bicyclus anynana,Arthropoda,Animalia,Temperature,NA
Africa,Bicyclus anynana,Arthropoda,Animalia,Temperature,NA
Africa,Bicyclus anynana,Arthropoda,Animalia,Temperature,NA
Africa,Bicyclus anynana,Arthropoda,Animalia,Temperature,NA
Africa,Bicyclus anynana,Arthropoda,Animalia,Temperature,NA
Africa,Bicyclus anynana,Arthropoda,Animalia,Temperature,NA
Africa,Bicyclus anynana,Arthropoda,Animalia,Temperature,NA
Africa,Bicyclus anynana,Arthropoda,Animalia,Temperature,NA
Africa,Bicyclus anynana,Arthropoda,Animalia,Temperature,NA
Africa,Bicyclus anynana,Arthropoda,Animalia,Temperature,NA
Africa,Bicyclus anynana,Arthropoda,Animalia,Temperature,NA
Africa,Bicyclus anynana,Arthropoda,Animalia,Temperature,NA
Africa,Bicyclus anynana,Arthropoda,Animalia,Temperature,NA
Germany,Lotus corniculatus,Plantae,Plantae,Rain,NA
Germany,Arrhenatherum elatius,Plantae,Plantae,Drought,Physiological
Germany,Arrhenatherum elatius,Plantae,Plantae,Rain,NA
Germany,Lotus corniculatus,Plantae,Plantae,Drought,NA
Germany,Holcus lanatus,Plantae,Plantae,Drought,NA
Germany,Holcus lanatus,Plantae,Plantae,Rain,NA
Germany,Plantago lanceolata,Plantae,Plantae,Drought,NA
Germany,Plantago lanceolata,Plantae,Plantae,Rain,NA
Germany,Geranium pratense,Plantae,Plantae,Drought,NA
Germany,Geranium pratense,Plantae,Plantae,Rain,NA
Norway,Somateria mollissima,Birds,Animalia,Wind,NA
Switzerland,Bromus,Plantae,Plantae,Temperature,Physiological
Switzerland,Bromus,Plantae,Plantae,Temperature,NA
Switzerland,Bromus,Plantae,Plantae,Temperature,Physiological
Switzerland,Bromus,Plantae,Plantae,Temperature,Physiological
Switzerland,Bromus,Plantae,Plantae,Drought,Physiological
Switzerland,Bromus,Plantae,Plantae,Drought,Physiological
Switzerland,Bromus,Plantae,Plantae,Drought,Physiological
Switzerland,Bromus,Plantae,Plantae,Drought,Physiological
Switzerland,Bromus,Plantae,Plantae,Flood,Physiological
Switzerland,Bromus,Plantae,Plantae,Flood,Physiological
Switzerland,Bromus,Plantae,Plantae,Flood,Physiological
Switzerland,Bromus,Plantae,Plantae,Flood,Physiological
Switzerland,Trifolium,Plantae,Plantae,Temperature,NA
Switzerland,Trifolium,Plantae,Plantae,Temperature,NA
Switzerland,Trifolium,Plantae,Plantae,Temperature,NA
Switzerland,Trifolium,Plantae,Plantae,Temperature,NA
Switzerland,Trifolium,Plantae,Plantae,Drought,NA
Switzerland,Trifolium,Plantae,Plantae,Drought,Physiological
Switzerland,Trifolium,Plantae,Plantae,Drought,Physiological
Switzerland,Trifolium,Plantae,Plantae,Drought,Physiological
Switzerland,Trifolium,Plantae,Plantae,Flood,Physiological
Switzerland,Trifolium,Plantae,Plantae,Flood,Physiological
Switzerland,Trifolium,Plantae,Plantae,Flood,Physiological
Switzerland,Trifolium,Plantae,Plantae,Flood,Physiological
Switzerland,Asteraceae,Plantae,Plantae,Temperature,Physiological
Switzerland,Asteraceae,Plantae,Plantae,Temperature,Physiological
Switzerland,Asteraceae,Plantae,Plantae,Temperature,NA
Switzerland,Asteraceae,Plantae,Plantae,Temperature,NA
Switzerland,Asteraceae,Plantae,Plantae,Drought,Physiological
Switzerland,Asteraceae,Plantae,Plantae,Drought,Physiological
Switzerland,Asteraceae,Plantae,Plantae,Drought,Physiological
Switzerland,Asteraceae,Plantae,Plantae,Drought,Physiological
Switzerland,Asteraceae,Plantae,Plantae,Flood,Physiological
Switzerland,Asteraceae,Plantae,Plantae,Flood,Physiological
Switzerland,Asteraceae,Plantae,Plantae,Flood,Physiological
Switzerland,Asteraceae,Plantae,Plantae,Flood,Physiological
Switzerland,L. Serriola,Plantae,Plantae,Temperature,NA
Germany,Grassland spp.,Angiospermae,Plantae,Flood,Physiological
Germany,Grassland spp.,Angiospermae,Plantae,Flood,Physiological
Germany,Grassland spp.,Angiospermae,Plantae,Flood,Physiological
United States,submerged aquatic vegetation,Angiospermae,Plantae,Wind,NA
Madagascar,Thalassia hemprichii,Plantae,Plantae,Wind,NA
Madagascar,Syringodium isoetifolium,Plantae,Plantae,Wind,NA
Madagascar,Thalassodendron ciliatum,Plantae,Plantae,Wind,Physiological
Madagascar,Halodule uninervis,Plantae,Plantae,Wind,NA
Madagascar,Cymodoceae rotundata,Plantae,Plantae,Wind,Physiological
Madagascar,Halophila ovalis,Plantae,Plantae,Wind,NA
United States,Spiza americana,Birds,Animalia,Drought,Behaviour
Africa,Bicyclus anynana,Arthropoda,Animalia,Temperature,NA
Africa,Bicyclus anynana,Arthropoda,Animalia,Temperature,NA
Africa,Bicyclus anynana,Arthropoda,Animalia,Temperature,NA
Africa,Bicyclus anynana,Arthropoda,Animalia,Temperature,NA
Africa,Bicyclus anynana,Arthropoda,Animalia,Temperature,NA
Africa,Bicyclus anynana,Arthropoda,Animalia,Temperature,NA
Africa,Bicyclus anynana,Arthropoda,Animalia,Temperature,NA
Africa,Bicyclus anynana,Arthropoda,Animalia,Temperature,NA
Africa,Bicyclus anynana,Arthropoda,Animalia,Temperature,NA
Africa,Bicyclus anynana,Arthropoda,Animalia,Temperature,NA
Africa,Bicyclus anynana,Arthropoda,Animalia,Temperature,NA
Africa,Bicyclus anynana,Arthropoda,Animalia,Temperature,NA
Africa,Bicyclus anynana,Arthropoda,Animalia,Temperature,NA
Africa,Bicyclus anynana,Arthropoda,Animalia,Temperature,NA
Africa,Bicyclus anynana,Arthropoda,Animalia,Temperature,NA
Italy,Vicia cusnae Foggi et Ricceri,Angiospermae,Plantae,Temperature,NA
Italy,Vicia cusnae Foggi et Ricceri,Angiospermae,Plantae,Temperature,NA
Italy,Alopecurus alpinus Vill.,Angiospermae,Plantae,Temperature,NA
Svalbard,Rangifer tarandus platyrhynchus,Mammalia,Animalia,Temperature,Behaviour
United States,Rostrhamus sociabilis plumbeus,Birds,Animalia,Drought,NA
United States,Rostrhamus sociabilis plumbeus,Birds,Animalia,Drought,NA
United States,Rostrhamus sociabilis plumbeus,Birds,Animalia,Drought,NA
Netherlands,Limosa limosa limosa,Birds,Animalia,Storms,Behaviour
Poland,Ciconia ciconia,Birds,Animalia,Temperature,NA
Poland,Ciconia ciconia,Birds,Animalia,Rain,NA
Poland,Ciconia ciconia,Birds,Animalia,Temperature,NA
Poland,Ciconia ciconia,Birds,Animalia,Rain,NA
Poland,Ciconia ciconia,Birds,Animalia,Rain,NA
Poland,Ciconia ciconia,Birds,Animalia,Temperature,Demographic
Poland,Ciconia ciconia,Birds,Animalia,Temperature,Demographic
Poland,Ciconia ciconia,Birds,Animalia,Temperature,Demographic
Poland,Ciconia ciconia,Birds,Animalia,Temperature,Demographic
Poland,Ciconia ciconia,Birds,Animalia,Temperature,NA
Norway,Cassiope tetragona,Angiospermae,Plantae,Temperature,Physiological
Switzerland,Tyto alba,Birds,Animalia,Temperature,Demographic
Switzerland,Tyto alba,Birds,Animalia,Temperature,Demographic
France,Capreolus capreolus,Mammalia,Animalia,Wind,Behaviour
France,Capreolus capreolus,Mammalia,Animalia,Wind,Behaviour
France,Capreolus capreolus,Mammalia,Animalia,Wind,Behaviour
France,Capreolus capreolus,Mammalia,Animalia,Wind,Behaviour
France,Capreolus capreolus,Mammalia,Animalia,Wind,Behaviour
France,Capreolus capreolus,Mammalia,Animalia,Wind,Behaviour
Iceland,Somateria mollissima,Birds,Animalia,Temperature,NA
Iceland,Somateria mollissima,Birds,Animalia,Temperature,NA
Iceland,Somateria mollissima,Birds,Animalia,Temperature,NA
Iceland,Somateria mollissima,Birds,Animalia,Temperature,NA
Iceland,Somateria mollissima,Birds,Animalia,Temperature,NA
Iceland,Somateria mollissima,Birds,Animalia,Temperature,NA
Iceland,Somateria mollissima,Birds,Animalia,Temperature,NA
Iceland,Somateria mollissima,Birds,Animalia,Temperature,Demographic
Switzerland,L. stagnalis (snail),Mollusca,Animalia,Temperature,NA
United Kingdom,Grus grus,Birds,Animalia,Flood,NA
China,Hovenia dulcis,Angiospermae,Plantae,Temperature,NA
United States,Gryllus texensis,Mammalia,Animalia,Temperature,NA
United States,Gryllus texensis,Mammalia,Animalia,Temperature,Demographic
United States,Rudbeckia hirta,Angiospermae,Plantae,Temperature,Demographic
United States,Chyrsogonum virginianum,Angiospermae,Plantae,Temperature,NA
United States,Sisyrinchium angustifolium,Angiospermae,Plantae,Temperature,Demographic
United States,Verbesina virginica,Angiospermae,Plantae,Temperature,NA
United States,Euphorbia corollata,Angiospermae,Plantae,Temperature,Demographic
United States,Elephantopus tomentosus,Angiospermae,Plantae,Temperature,NA
United States,Hypoxis hirsuta,Angiospermae,Plantae,Temperature,NA
United States,Elephantopus tomentosus,Angiospermae,Plantae,Temperature,Demographic
United States,Phlox Carolina,Angiospermae,Plantae,Temperature,NA
United States,Silene virginica,Angiospermae,Plantae,Temperature,Demographic
United States,Rudbeckia hirta,Angiospermae,Plantae,Temperature,Demographic
United States,Rudbeckia hirta,Angiospermae,Plantae,Temperature,NA
United States,Elephantopus tomentosus,Angiospermae,Plantae,Temperature,Demographic
United States,Aureolaria virginica,Angiospermae,Plantae,Temperature,Demographic
United States,Euphorbia corollata,Angiospermae,Plantae,Temperature,Demographic
United States,Silene stellate,Angiospermae,Plantae,Temperature,NA
United States,Aureolaria virginica,Angiospermae,Plantae,Temperature,NA
United States,Hypoxis hirsuta,Angiospermae,Plantae,Temperature,NA
United States,Lobelia cardinalis,Angiospermae,Plantae,Temperature,Demographic
United States,Euphorbia corollata,Angiospermae,Plantae,Temperature,NA
United States,Sisyrinchium angustifolium,Angiospermae,Plantae,Temperature,NA
United States,Hieracium venosum,Angiospermae,Plantae,Temperature,NA
United States,Lobelia spicata,Angiospermae,Plantae,Temperature,Demographic
United States,Verbesina virginica,Angiospermae,Plantae,Temperature,Demographic
United States,Hypoxis hirsuta,Angiospermae,Plantae,Temperature,Demographic
United States,Verbesina virginica,Angiospermae,Plantae,Temperature,Demographic
United States,Hieracium venosum,Angiospermae,Plantae,Temperature,NA
United States,Aureolaria virginica,Angiospermae,Plantae,Temperature,Demographic
United States,Lobelia spicata,Angiospermae,Plantae,Temperature,Demographic
United States,Chyrsogonum virginianum,Angiospermae,Plantae,Temperature,Demographic
United States,Chyrsogonum virginianum,Angiospermae,Plantae,Temperature,NA
United States,Silene virginica,Angiospermae,Plantae,Temperature,NA
United States,Phlox Carolina,Angiospermae,Plantae,Temperature,NA
United States,Hieracium venosum,Angiospermae,Plantae,Temperature,Demographic
United States,Silene stellate,Angiospermae,Plantae,Temperature,Demographic
United States,Silene virginica,Angiospermae,Plantae,Temperature,NA
United States,Hieracium venosum,Angiospermae,Plantae,Temperature,Demographic
United States,Lobelia spicata,Angiospermae,Plantae,Temperature,NA
United States,Phlox Carolina,Angiospermae,Plantae,Temperature,Demographic
United States,Silene stellate,Angiospermae,Plantae,Temperature,Demographic
United States,Sisyrinchium angustifolium,Angiospermae,Plantae,Temperature,NA
United States,Hieracium venosum,Angiospermae,Plantae,Temperature,NA
United States,Lobelia cardinalis,Angiospermae,Plantae,Temperature,Demographic
United States,Hieracium venosum,Angiospermae,Plantae,Temperature,Demographic
United States,Lobelia cardinalis,Angiospermae,Plantae,Temperature,Demographic
Spain,Accipiter gentilis,Birds,Animalia,Storms,Demographic
Spain,Aquila pennata,Birds,Animalia,Storms,Demographic
Spain,Buteo buteo,Birds,Animalia,Storms,Demographic
Scotland,Phalacrocorax aristotelis (shags),Birds,Animalia,Wind,NA
Scotland,Uria aalge (guillemots),Birds,Animalia,Wind,Demographic
Scotland,Rissa tridactyla (kittiwakes),Birds,Animalia,Wind,NA
Scotland,Alca torda (razorbill),Birds,Animalia,Wind,Demographic
Taiwan,Cleyera japonica,Angiospermae,Plantae,Temperature,NA
Taiwan,Maesa japonica,Angiospermae,Plantae,Temperature,NA
Taiwan,Michelia compressa,Angiospermae,Plantae,Temperature,NA
Taiwan,Prunus phaeosticta,Angiospermae,Plantae,Temperature,NA
Taiwan,Engelhardtia roxburghiana,Angiospermae,Plantae,Temperature,NA
Taiwan,Myrsine seguinii,Angiospermae,Plantae,Temperature,NA
Taiwan,Diospyros morrisiana,Angiospermae,Plantae,Temperature,NA
Taiwan,Psychotria serpens,Angiospermae,Plantae,Temperature,NA
Taiwan,Dischidia formosana,Angiospermae,Plantae,Temperature,NA
Taiwan,Elaeocarpus japonicus,Angiospermae,Plantae,Temperature,NA
Taiwan,Cleyera japonica,Angiospermae,Plantae,Temperature,NA
Taiwan,Vaccinium emarginatum,Angiospermae,Plantae,Temperature,NA
Taiwan,Mussaenda pubescens,Angiospermae,Plantae,Temperature,NA
Taiwan,Glochidion acuminatum,Angiospermae,Plantae,Temperature,NA
Taiwan,Ardisia quinquegona,Angiospermae,Plantae,Temperature,NA
Taiwan,Helicia formosana,Angiospermae,Plantae,Temperature,NA
Taiwan,Pyrenaria shinkoensis,Angiospermae,Plantae,Temperature,NA
Taiwan,Rubus pyrifolius,Angiospermae,Plantae,Temperature,NA
Taiwan,Cyclobalanopsis gilva,Angiospermae,Plantae,Temperature,NA
Taiwan,Lagerstroemia subcostata,Angiospermae,Plantae,Temperature,NA
Taiwan,Eurya loquaiana,Angiospermae,Plantae,Temperature,NA
Taiwan,Psychotria serpens,Angiospermae,Plantae,Temperature,NA
Taiwan,Hoya carnosa,Angiospermae,Plantae,Temperature,NA
Taiwan,Cryptocarya chinensis,Angiospermae,Plantae,Temperature,NA
Taiwan,Helicia formosana,Angiospermae,Plantae,Temperature,NA
Taiwan,Symplocos theophrastifolia,Angiospermae,Plantae,Temperature,NA
Taiwan,Castanopsis spp.*,Angiospermae,Plantae,Temperature,NA
Taiwan,Litsea acuminata,Angiospermae,Plantae,Temperature,NA
Taiwan,Pyrenaria shinkoensis,Angiospermae,Plantae,Temperature,NA
Taiwan,Engelhardtia roxburghiana,Angiospermae,Plantae,Temperature,NA
Taiwan,Cinnamomum micranthum,Angiospermae,Plantae,Temperature,NA
Taiwan,Machilus zuihoensis,Angiospermae,Plantae,Temperature,NA
Taiwan,Ampelopsis cantoniensis,Angiospermae,Plantae,Temperature,NA
Taiwan,Meliosma squamulata,Angiospermae,Plantae,Temperature,NA
Taiwan,Maesa perlaria var. formosana,Angiospermae,Plantae,Temperature,NA
Taiwan,Litsea acuminata,Angiospermae,Plantae,Temperature,NA
Taiwan,Randia cochinchinensis,Angiospermae,Plantae,Temperature,NA
Taiwan,Rubus pyrifolius,Angiospermae,Plantae,Temperature,NA
Taiwan,Machilus thunbergii,Angiospermae,Plantae,Temperature,NA
Taiwan,Machilus zuihoensis,Angiospermae,Plantae,Temperature,NA
Taiwan,Myrsine seguinii,Angiospermae,Plantae,Temperature,NA
Taiwan,Lasianthus spp.†,Angiospermae,Plantae,Temperature,NA
Taiwan,Pericampylus formosanus,Angiospermae,Plantae,Temperature,NA
Taiwan,Meliosma squamulata,Angiospermae,Plantae,Temperature,NA
Taiwan,Schefflera octophylla,Angiospermae,Plantae,Temperature,NA
Taiwan,Diospyros morrisiana,Angiospermae,Plantae,Temperature,NA
Taiwan,Clematis crassifolia,Angiospermae,Plantae,Temperature,NA
Taiwan,Tricalysia dubia,Angiospermae,Plantae,Temperature,NA
Taiwan,Aeschynanthus acuminatus,Angiospermae,Plantae,Temperature,NA
Taiwan,Glochidion acuminatum,Angiospermae,Plantae,Temperature,NA
Taiwan,Pothos chinensis,Angiospermae,Plantae,Temperature,NA
Taiwan,Elatostema lineolatum var. majus,Angiospermae,Plantae,Temperature,NA
Taiwan,Hoya carnosa,Angiospermae,Plantae,Temperature,NA
Taiwan,Blastus cochinchinensis,Angiospermae,Plantae,Temperature,NA
Taiwan,Lasianthus spp.†,Angiospermae,Plantae,Temperature,NA
Taiwan,Cyclobalanopsis longinux,Angiospermae,Plantae,Temperature,NA
Taiwan,Elaeocarpus japonicus,Angiospermae,Plantae,Temperature,NA
Taiwan,Symplocos theophrastifolia,Angiospermae,Plantae,Temperature,NA
Taiwan,Smilax spp.†,Angiospermae,Plantae,Temperature,NA
Taiwan,Smilax spp.†,Angiospermae,Plantae,Temperature,NA
Taiwan,Machilus thunbergii,Angiospermae,Plantae,Temperature,NA
Taiwan,Ampelopsis cantoniensis,Angiospermae,Plantae,Temperature,NA
Taiwan,Miscanthus floridulus,Angiospermae,Plantae,Temperature,NA
Taiwan,Prunus phaeosticta,Angiospermae,Plantae,Temperature,NA
Taiwan,Lagerstroemia subcostata,Angiospermae,Plantae,Temperature,NA
Taiwan,Schefflera octophylla,Angiospermae,Plantae,Temperature,NA
Taiwan,Pachycentria formosana,Angiospermae,Plantae,Temperature,NA
Taiwan,Symplocos glauca,Angiospermae,Plantae,Temperature,NA
Taiwan,Pileostegia viburnoide,Angiospermae,Plantae,Temperature,NA
Taiwan,Melastoma candidum,Angiospermae,Plantae,Temperature,NA
Taiwan,Limlia uraiana,Angiospermae,Plantae,Temperature,NA
Taiwan,Ardisia quinquegona,Angiospermae,Plantae,Temperature,NA
United States,Helianthella quinquenervis,Angiospermae,Plantae,Temperature,NA
Europe,Chorthippus biguttulus,Arthropoda,Animalia,Drought,NA
Europe,Chorthippus biguttulus,Arthropoda,Animalia,Rain,NA
Australia,Liasis fuscus,Reptilia,Animalia,Flood,NA
Australia,Liasis fuscus,Reptilia,Animalia,Flood,NA
Switzerland,Larix decidua,Gymnospermae,Plantae,Temperature,NA
Switzerland,Vaccinium myrtillus,Plantae,Plantae,Temperature,NA
Switzerland,Empetrum hermaphroditum,Plantae,Plantae,Temperature,NA
Switzerland,Pinus mugo,Gymnospermae,Plantae,Temperature,Physiological
Switzerland,Vaccinium gaultheriodes,Plantae,Plantae,Temperature,Physiological